,task,algorithm,loss,n_particles,num_observation,num_simulations,c2st,mmd,median_dist,folder
0,two_moons,SNL_vi,iwelbo256,32,1,10000,0.9453499913215637,0.15266895294189453,1.4258698225021362,bd61f164-9702-4650-a6ba-c86c5ba77536
0,two_moons,SNL_vi,iwelbo256,32,1,10000,0.8507000207901001,0.0043294429779052734,1.331647515296936,e6a554ba-9efb-4613-a35a-cbb0f6f75c9a
0,two_moons,SNL_vi,iwelbo16.0,128,1,10000,0.7566999793052673,0.014106988906860352,1.2806159257888794,1886ba80-79e8-4e08-aea7-8f0e0f78b529
0,two_moons,SNL_vi,renjey_divergence0.5,2048,1,10000,0.7519999742507935,0.21629512310028076,1.4592809677124023,40ee0b12-18ca-4606-80ee-897d35351e4c
0,two_moons,SNL_mcmc,na,na,1,10000,0.7490500211715698,0.21777915954589844,1.7219982147216797,22320204-abf1-488f-b992-8990944e701d
0,two_moons,SNL_mcmc,na,na,1,10000,0.7488499879837036,0.2182750701904297,0.2874036431312561,84ea0d2b-bf1e-4ac5-a067-cc390a553702
